MailItemID,RewardType,TargetID,Name
1,Currency,1,골드
2,Currency,2,다이아
3,Currency,3,루비
4,Currency,4,무기 강화 주문서
5,Currency,5,방어구 강화 주문서
6,Currency,6,장신구 강화 주문서
7,Currency,7,승급석
8,Currency,8,마력의 결정
9,Currency,9,계승석
10,Currency,10,청동 열쇠
11,Currency,11,은 열쇠
12,Currency,12,금 열쇠
1020100001,Item,1020100001,일반 보물상자 열쇠
1020100002,Item,1020100002,고급 보물상자 열쇠
1020100003,Item,1020100003,최고급 보물상자 열쇠
1030300001,Item,1030300001,지식의 서
1040100001,Item,1040100001,기본 복장
1040100002,Item,1040100002,토끼 코스튬
1040100003,Item,1040100003,요술봉
1040200001,Item,1040200001,고양이1
1040200002,Item,1040200002,고양이2
1040200003,Item,1040200003,고양이3
1040200004,Item,1040200004,고양이4
1040200005,Item,1040200005,고양이5
1040200006,Item,1040200006,고양이6
